Card	Format	Usage	Cumulative	Total	Format Index
Ash Blossom & Joyous Spring	rescue-ace	212	212	820	0
Ash Blossom & Joyous Spring	snake-eye	414	626	820	1
Ash Blossom & Joyous Spring	current	194	820	820	3
Droll & Lock Bird	rescue-ace	190	190	507	0
Droll & Lock Bird	snake-eye	245	435	507	1
Droll & Lock Bird	current	72	507	507	3
Infinite Impermanence	rescue-ace	185	185	787	0
Infinite Impermanence	snake-eye	402	587	787	1
Infinite Impermanence	current	200	787	787	3
Nibiru, the Primal Being	rescue-ace	178	178	706	0
Nibiru, the Primal Being	snake-eye	363	541	706	1
Nibiru, the Primal Being	current	165	706	706	3
Pot of Prosperity	rescue-ace	109	109	233	0
Pot of Prosperity	snake-eye	77	186	233	1
Pot of Prosperity	current	47	233	233	3
Effect Veiler	rescue-ace	101	101	599	0
Effect Veiler	snake-eye	337	438	599	1
Effect Veiler	current	161	599	599	3
S:P Little Knight	rescue-ace	98	98	315	0
S:P Little Knight	snake-eye	145	243	315	1
S:P Little Knight	current	72	315	315	3
Triple Tactics Talent	rescue-ace	98	98	453	0
Triple Tactics Talent	snake-eye	229	327	453	1
Triple Tactics Talent	current	126	453	453	3
Kashtira Fenrir	rescue-ace	97	97	203	0
Kashtira Fenrir	snake-eye	64	161	203	1
Kashtira Fenrir	current	42	203	203	3
Lightning Storm	rescue-ace	79	79	178	0
Lightning Storm	snake-eye	70	149	178	1
Lightning Storm	current	29	178	178	3
Super Starslayer TY-PHON - Sky Crisis	rescue-ace	77	77	171	0
Super Starslayer TY-PHON - Sky Crisis	snake-eye	51	128	171	1
Super Starslayer TY-PHON - Sky Crisis	current	43	171	171	3
Bystial Druiswurm	rescue-ace	76	76	214	0
Bystial Druiswurm	snake-eye	89	165	214	1
Bystial Druiswurm	current	49	214	214	3
WANTED: Seeker of Sinful Spoils	rescue-ace	69	69	516	0
WANTED: Seeker of Sinful Spoils	snake-eye	315	384	516	1
WANTED: Seeker of Sinful Spoils	current	132	516	516	3
Cosmic Cyclone	rescue-ace	59	59	483	0
Cosmic Cyclone	snake-eye	279	338	483	1
Cosmic Cyclone	current	145	483	483	3
Ghost Belle & Haunted Mansion	rescue-ace	57	57	330	0
Ghost Belle & Haunted Mansion	snake-eye	227	284	330	1
Ghost Belle & Haunted Mansion	current	46	330	330	3
Dharc the Dark Charmer, Gloomy	rescue-ace	52	52	223	0
Dharc the Dark Charmer, Gloomy	snake-eye	115	167	223	1
Dharc the Dark Charmer, Gloomy	current	56	223	223	3
Super Polymerization	rescue-ace	51	51	99	0
Super Polymerization	snake-eye	37	88	99	1
Super Polymerization	current	11	99	99	3
D.D. Crow	rescue-ace	49	49	92	0
D.D. Crow	snake-eye	20	69	92	1
D.D. Crow	current	23	92	92	3
Evenly Matched	rescue-ace	49	49	138	0
Evenly Matched	snake-eye	53	102	138	1
Evenly Matched	current	36	138	138	3
Diabellstar the Black Witch	rescue-ace	46	46	453	0
Diabellstar the Black Witch	snake-eye	278	324	453	1
Diabellstar the Black Witch	current	129	453	453	3
Forbidden Droplet	rescue-ace	44	44	232	0
Forbidden Droplet	snake-eye	74	118	232	1
Forbidden Droplet	current	114	232	232	3
Fantastical Dragon Phantazmay	rescue-ace	43	43	98	0
Fantastical Dragon Phantazmay	snake-eye	32	75	98	1
Fantastical Dragon Phantazmay	current	23	98	98	3
Dimension Shifter	rescue-ace	39	39	107	0
Dimension Shifter	snake-eye	38	77	107	1
Dimension Shifter	current	30	107	107	3
EMERGENCY!	rescue-ace	39	39	42	0
EMERGENCY!	snake-eye	3	42	42	1
Rescue-ACE Impulse	rescue-ace	37	37	37	0
Arianna the Labrynth Servant	rescue-ace	36	36	45	0
Arianna the Labrynth Servant	current	9	45	45	3
Big Welcome Labrynth	rescue-ace	36	36	45	0
Big Welcome Labrynth	current	9	45	45	3
Imsety, Glory of Horus	rescue-ace	36	36	45	0
Imsety, Glory of Horus	snake-eye	6	42	45	1
Imsety, Glory of Horus	current	3	45	45	3
Labrynth Chandraglier	rescue-ace	36	36	45	0
Labrynth Chandraglier	current	9	45	45	3
Labrynth Stovie Torbie	rescue-ace	36	36	45	0
Labrynth Stovie Torbie	current	9	45	45	3
Rescue-ACE Hydrant	rescue-ace	36	36	39	0
Rescue-ACE Hydrant	snake-eye	3	39	39	1
Solemn Judgment	rescue-ace	36	36	72	0
Solemn Judgment	snake-eye	16	52	72	1
Solemn Judgment	current	20	72	72	3
Called by the Grave	rescue-ace	34	34	141	0
Called by the Grave	snake-eye	78	112	141	1
Called by the Grave	current	29	141	141	3
Primeval Planet Perlereino	rescue-ace	34	34	35	0
Primeval Planet Perlereino	snake-eye	1	35	35	1
Divine Arsenal AA-ZEUS - Sky Thunder	rescue-ace	33	33	60	0
Divine Arsenal AA-ZEUS - Sky Thunder	snake-eye	17	50	60	1
Divine Arsenal AA-ZEUS - Sky Thunder	current	10	60	60	3
Enemy Controller	rescue-ace	33	33	58	0
Enemy Controller	snake-eye	20	53	58	1
Enemy Controller	current	5	58	58	3
Pot of Extravagance	rescue-ace	33	33	36	0
Pot of Extravagance	snake-eye	3	36	36	1
Tearlaments Kashtira	rescue-ace	33	33	33	0
Tearlaments Reinoheart	rescue-ace	33	33	33	0
Unchained Soul Lord of Yama	rescue-ace	33	33	35	0
Unchained Soul Lord of Yama	current	2	35	35	3
Labrynth Cooclock	rescue-ace	31	31	34	0
Labrynth Cooclock	current	3	34	34	3
Rescue-ACE Air Lifter	rescue-ace	31	31	32	0
Rescue-ACE Air Lifter	snake-eye	1	32	32	1
I:P Masquerena	rescue-ace	30	30	193	0
I:P Masquerena	snake-eye	112	142	193	1
I:P Masquerena	current	51	193	193	3
Muckraker From the Underworld	rescue-ace	30	30	35	0
Muckraker From the Underworld	snake-eye	1	31	35	1
Muckraker From the Underworld	current	4	35	35	3
Accesscode Talker	rescue-ace	29	29	116	0
Accesscode Talker	snake-eye	46	75	116	1
Accesscode Talker	current	41	116	116	3
Book of Eclipse	rescue-ace	29	29	44	0
Book of Eclipse	current	15	44	44	3
Tearlaments Scream	rescue-ace	29	29	29	0
Welcome Labrynth	rescue-ace	29	29	38	0
Welcome Labrynth	current	9	38	38	3
Arias the Labrynth Butler	rescue-ace	28	28	37	0
Arias the Labrynth Butler	current	9	37	37	3
Chaos Angel	rescue-ace	28	28	53	0
Chaos Angel	snake-eye	16	44	53	1
Chaos Angel	current	9	53	53	3
Unchained Soul of Rage	rescue-ace	28	28	29	0
Unchained Soul of Rage	current	1	29	29	3
Triple Tactics Thrust	rescue-ace	27	27	74	0
Triple Tactics Thrust	snake-eye	22	49	74	1
Triple Tactics Thrust	current	25	74	74	3
Baronne de Fleur	rescue-ace	26	26	88	0
Baronne de Fleur	snake-eye	61	87	88	1
Baronne de Fleur	current	1	88	88	3
Hiita the Fire Charmer, Ablaze	rescue-ace	26	26	187	0
Hiita the Fire Charmer, Ablaze	snake-eye	111	137	187	1
Hiita the Fire Charmer, Ablaze	current	50	187	187	3
Rescue-ACE Preventer	rescue-ace	26	26	28	0
Rescue-ACE Preventer	snake-eye	2	28	28	1
Rescue-ACE Turbulence	rescue-ace	26	26	28	0
Rescue-ACE Turbulence	snake-eye	2	28	28	1
Dimensional Barrier	rescue-ace	25	25	95	0
Dimensional Barrier	snake-eye	2	27	95	1
Dimensional Barrier	current	68	95	95	3
Escape of the Unchained	rescue-ace	25	25	26	0
Escape of the Unchained	current	1	26	26	3
Mudragon of the Swamp	rescue-ace	25	25	43	0
Mudragon of the Swamp	snake-eye	13	38	43	1
Mudragon of the Swamp	current	5	43	43	3
Original Sinful Spoils - Snake-Eye	rescue-ace	25	25	184	0
Original Sinful Spoils - Snake-Eye	snake-eye	115	140	184	1
Original Sinful Spoils - Snake-Eye	current	44	184	184	3
Unchained Soul of Sharvara	rescue-ace	25	25	27	0
Unchained Soul of Sharvara	current	2	27	27	3
Ghost Mourner & Moonlit Chill	rescue-ace	24	24	300	0
Ghost Mourner & Moonlit Chill	snake-eye	165	189	300	1
Ghost Mourner & Moonlit Chill	current	111	300	300	3
Ghost Sister & Spooky Dogwood	rescue-ace	24	24	96	0
Ghost Sister & Spooky Dogwood	snake-eye	57	81	96	1
Ghost Sister & Spooky Dogwood	current	15	96	96	3
Relinquished Anima	rescue-ace	24	24	118	0
Relinquished Anima	snake-eye	39	63	118	1
Relinquished Anima	current	55	118	118	3
Tearlaments Sulliek	rescue-ace	24	24	24	0
Bystial Magnamhut	rescue-ace	23	23	133	0
Bystial Magnamhut	snake-eye	67	90	133	1
Bystial Magnamhut	current	43	133	133	3
Knightmare Unicorn	rescue-ace	23	23	34	0
Knightmare Unicorn	snake-eye	6	29	34	1
Knightmare Unicorn	current	5	34	34	3
Book of Moon	rescue-ace	22	22	23	0
Book of Moon	snake-eye	1	23	23	1
Selene, Queen of the Master Magicians	rescue-ace	22	22	134	0
Selene, Queen of the Master Magicians	snake-eye	69	91	134	1
Selene, Queen of the Master Magicians	current	43	134	134	3
Abyss Dweller	rescue-ace	21	21	27	0
Abyss Dweller	snake-eye	4	25	27	1
Abyss Dweller	current	2	27	27	3
Crossout Designator	rescue-ace	21	21	352	0
Crossout Designator	snake-eye	219	240	352	1
Crossout Designator	current	112	352	352	3
Fire King High Avatar Kirin	rescue-ace	21	21	161	0
Fire King High Avatar Kirin	snake-eye	129	150	161	1
Fire King High Avatar Kirin	current	11	161	161	3
King's Sarcophagus	rescue-ace	21	21	29	0
King's Sarcophagus	snake-eye	5	26	29	1
King's Sarcophagus	current	3	29	29	3
Lady Labrynth of the Silver Castle	rescue-ace	21	21	24	0
Lady Labrynth of the Silver Castle	current	3	24	24	3
Legendary Fire King Ponix	rescue-ace	21	21	81	0
Legendary Fire King Ponix	snake-eye	55	76	81	1
Legendary Fire King Ponix	current	5	81	81	3
Garura, Wings of Resonant Life	rescue-ace	20	20	46	0
Garura, Wings of Resonant Life	snake-eye	18	38	46	1
Garura, Wings of Resonant Life	current	8	46	46	3
Linkuriboh	rescue-ace	20	20	137	0
Linkuriboh	snake-eye	117	137	137	1
Spright Sprind	rescue-ace	19	19	21	0
Spright Sprind	snake-eye	2	21	21	1
Abomination's Prison	rescue-ace	18	18	18	0
Destiny HERO - Malicious	rescue-ace	18	18	18	0
Keldo the Sacred Protector	rescue-ace	18	18	18	0
Mudora the Sword Oracle	rescue-ace	18	18	18	0
Tour Guide From the Underworld	rescue-ace	18	18	23	0
Tour Guide From the Underworld	current	5	23	23	3
Unchained Twins - Aruha	rescue-ace	18	18	18	0
Apollousa, Bow of the Goddess	rescue-ace	17	17	169	0
Apollousa, Bow of the Goddess	snake-eye	107	124	169	1
Apollousa, Bow of the Goddess	current	45	169	169	3
Fire King Sanctuary	rescue-ace	17	17	72	0
Fire King Sanctuary	snake-eye	50	67	72	1
Fire King Sanctuary	current	5	72	72	3
Reinforcement of the Army	rescue-ace	17	17	22	0
Reinforcement of the Army	snake-eye	4	21	22	1
Reinforcement of the Army	current	1	22	22	3
Decode Talker Heatsoul	rescue-ace	16	16	64	0
Decode Talker Heatsoul	snake-eye	46	62	64	1
Decode Talker Heatsoul	current	2	64	64	3
Fire King Avatar Arvata	rescue-ace	16	16	75	0
Fire King Avatar Arvata	snake-eye	54	70	75	1
Fire King Avatar Arvata	current	5	75	75	3
Lava Golem	rescue-ace	16	16	24	0
Lava Golem	snake-eye	7	23	24	1
Lava Golem	current	1	24	24	3
Salamangreat Sunlight Wolf	rescue-ace	16	16	91	0
Salamangreat Sunlight Wolf	snake-eye	68	84	91	1
Salamangreat Sunlight Wolf	current	7	91	91	3
Danger! Nessie!	rescue-ace	15	15	18	0
Danger! Nessie!	current	3	18	18	3
The Winged Dragon of Ra - Sphere Mode	rescue-ace	15	15	27	0
The Winged Dragon of Ra - Sphere Mode	snake-eye	3	18	27	1
The Winged Dragon of Ra - Sphere Mode	current	9	27	27	3
Volcanic Scattershot	rescue-ace	15	15	21	0
Volcanic Scattershot	snake-eye	6	21	21	1
Abominable Chamber of the Unchained	rescue-ace	14	14	14	0
Fire King Island	rescue-ace	14	14	74	0
Fire King Island	snake-eye	55	69	74	1
Fire King Island	current	5	74	74	3
Predaplant Dragostapelia	rescue-ace	14	14	27	0
Predaplant Dragostapelia	snake-eye	7	21	27	1
Predaplant Dragostapelia	current	6	27	27	3
Pressured Planet Wraitsoth	rescue-ace	14	14	71	0
Pressured Planet Wraitsoth	snake-eye	25	39	71	1
Pressured Planet Wraitsoth	current	32	71	71	3
Sacred Fire King Garunix	rescue-ace	14	14	74	0
Sacred Fire King Garunix	snake-eye	55	69	74	1
Sacred Fire King Garunix	current	5	74	74	3
Transaction Rollback	rescue-ace	14	14	16	0
Transaction Rollback	current	2	16	16	3
ALERT!	rescue-ace	13	13	14	0
ALERT!	snake-eye	1	14	14	1
Bahamut Shark	rescue-ace	13	13	15	0
Bahamut Shark	snake-eye	2	15	15	1
CONTAIN!	rescue-ace	13	13	14	0
CONTAIN!	snake-eye	1	14	14	1
EXTINGUISH!	rescue-ace	13	13	14	0
EXTINGUISH!	snake-eye	1	14	14	1
Kashtira Riseheart	rescue-ace	13	13	34	0
Kashtira Riseheart	snake-eye	14	27	34	1
Kashtira Riseheart	current	7	34	34	3
RESCUE!	rescue-ace	13	13	14	0
RESCUE!	snake-eye	1	14	14	1
Rescue-ACE HQ	rescue-ace	13	13	14	0
Rescue-ACE HQ	snake-eye	1	14	14	1
Spright Blue	rescue-ace	13	13	16	0
Spright Blue	current	3	16	16	3
Unchained Soul of Anguish	rescue-ace	13	13	15	0
Unchained Soul of Anguish	current	2	15	15	3
Centur-Ion Primera	rescue-ace	12	12	12	0
Centur-Ion Trudea	rescue-ace	12	12	12	0
Dark Contract with the Gate	rescue-ace	12	12	12	0
Destructive Daruma Karma Cannon	rescue-ace	12	12	26	0
Destructive Daruma Karma Cannon	snake-eye	4	16	26	1
Destructive Daruma Karma Cannon	current	10	26	26	3
Emblema Oath	rescue-ace	12	12	12	0
Foolish Burial	rescue-ace	12	12	16	0
Foolish Burial	snake-eye	2	14	16	1
Foolish Burial	current	2	16	16	3
Knightmare Phoenix	rescue-ace	12	12	152	0
Knightmare Phoenix	snake-eye	97	109	152	1
Knightmare Phoenix	current	43	152	152	3
Labrynth Labyrinth	rescue-ace	12	12	15	0
Labrynth Labyrinth	current	3	15	15	3
Lovely Labrynth of the Silver Castle	rescue-ace	12	12	15	0
Lovely Labrynth of the Silver Castle	current	3	15	15	3
My Friend Purrely	rescue-ace	12	12	24	0
My Friend Purrely	snake-eye	6	18	24	1
My Friend Purrely	current	6	24	24	3
Nimble Beaver	rescue-ace	12	12	12	0
Purrely Happy Memory	rescue-ace	12	12	24	0
Purrely Happy Memory	snake-eye	6	18	24	1
Purrely Happy Memory	current	6	24	24	3
Purrely Pretty Memory	rescue-ace	12	12	24	0
Purrely Pretty Memory	snake-eye	6	18	24	1
Purrely Pretty Memory	current	6	24	24	3
Purrely Sleepy Memory	rescue-ace	12	12	20	0
Purrely Sleepy Memory	snake-eye	4	16	20	1
Purrely Sleepy Memory	current	4	20	20	3
Runick Freezing Curses	rescue-ace	12	12	36	0
Runick Freezing Curses	snake-eye	9	21	36	1
Runick Freezing Curses	current	15	36	36	3
Runick Slumber	rescue-ace	12	12	36	0
Runick Slumber	snake-eye	9	21	36	1
Runick Slumber	current	15	36	36	3
Runick Tip	rescue-ace	12	12	36	0
Runick Tip	snake-eye	9	21	36	1
Runick Tip	current	15	36	36	3
Skull Meister	rescue-ace	12	12	12	0
Stand Up Centur-Ion!	rescue-ace	12	12	12	0
Toadally Awesome	rescue-ace	12	12	14	0
Toadally Awesome	snake-eye	2	14	14	1
Beatrice, Lady of the Eternal	rescue-ace	11	11	11	0
Gagaga Cowboy	rescue-ace	11	11	13	0
Gagaga Cowboy	snake-eye	1	12	13	1
Gagaga Cowboy	current	1	13	13	3
Hapi, Guidance of Horus	rescue-ace	11	11	13	0
Hapi, Guidance of Horus	snake-eye	1	12	13	1
Hapi, Guidance of Horus	current	1	13	13	3
Runick Destruction	rescue-ace	11	11	35	0
Runick Destruction	snake-eye	9	20	35	1
Runick Destruction	current	15	35	35	3
Runick Flashing Fire	rescue-ace	11	11	35	0
Runick Flashing Fire	snake-eye	9	20	35	1
Runick Flashing Fire	current	15	35	35	3
Spellbound	rescue-ace	11	11	11	0
Tearlaments Havnis	rescue-ace	11	11	11	0
Tearlaments Kaleido-Heart	rescue-ace	11	11	11	0
Tearlaments Merrli	rescue-ace	11	11	11	0
Tearlaments Scheiren	rescue-ace	11	11	11	0
The Zombie Vampire	rescue-ace	11	11	14	0
The Zombie Vampire	snake-eye	1	12	14	1
The Zombie Vampire	current	2	14	14	3
Trivikarma	rescue-ace	11	11	11	0
Unchained Abomination	rescue-ace	11	11	13	0
Unchained Abomination	current	2	13	13	3
D/D/D Wave High King Caesar	rescue-ace	10	10	10	0
Ice Dragon's Prison	rescue-ace	10	10	10	0
Link Spider	rescue-ace	10	10	25	0
Link Spider	snake-eye	10	20	25	1
Link Spider	current	5	25	25	3
Nimble Angler	rescue-ace	10	10	10	0
Number 41: Bagooska the Terribly Tired Tapir	rescue-ace	10	10	22	0
Number 41: Bagooska the Terribly Tired Tapir	snake-eye	4	14	22	1
Number 41: Bagooska the Terribly Tired Tapir	current	8	22	22	3
Purrely	rescue-ace	10	10	22	0
Purrely	snake-eye	6	16	22	1
Purrely	current	6	22	22	3
Rescue-ACE Fire Engine	rescue-ace	10	10	10	0
Salamangreat Almiraj	rescue-ace	10	10	14	0
Salamangreat Almiraj	snake-eye	2	12	14	1
Salamangreat Almiraj	current	2	14	14	3
Spright Jet	rescue-ace	10	10	13	0
Spright Jet	current	3	13	13	3
The Bystial Lubellion	rescue-ace	10	10	18	0
The Bystial Lubellion	snake-eye	2	12	18	1
The Bystial Lubellion	current	6	18	18	3
There Can Be Only One	rescue-ace	10	10	20	0
There Can Be Only One	snake-eye	4	14	20	1
There Can Be Only One	current	6	20	20	3
Time Thief Redoer	rescue-ace	10	10	10	0
Agido the Ancient Sentinel	rescue-ace	9	9	9	0
Centur-Ion Legatia	rescue-ace	9	9	10	0
Centur-Ion Legatia	snake-eye	1	10	10	1
Destiny HERO - Dangerous	rescue-ace	9	9	9	0
Dinowrestler Pankratops	rescue-ace	9	9	27	0
Dinowrestler Pankratops	snake-eye	13	22	27	1
Dinowrestler Pankratops	current	5	27	27	3
Gravekeeper's Inscription	rescue-ace	9	9	13	0
Gravekeeper's Inscription	snake-eye	4	13	13	1
Kashtira Birth	rescue-ace	9	9	48	0
Kashtira Birth	snake-eye	22	31	48	1
Kashtira Birth	current	17	48	48	3
Kashtiratheosis	rescue-ace	9	9	27	0
Kashtiratheosis	snake-eye	13	22	27	1
Kashtiratheosis	current	5	27	27	3
Kelbek the Ancient Vanguard	rescue-ace	9	9	9	0
Mannadium Meek	rescue-ace	9	9	15	0
Mannadium Meek	snake-eye	6	15	15	1
Mannadium Riumheart	rescue-ace	9	9	15	0
Mannadium Riumheart	snake-eye	6	15	15	1
Peaceful Planet Calarium	rescue-ace	9	9	15	0
Peaceful Planet Calarium	snake-eye	6	15	15	1
Purrelyly	rescue-ace	9	9	19	0
Purrelyly	snake-eye	6	15	19	1
Purrelyly	current	4	19	19	3
Rock of the Vanquisher	rescue-ace	9	9	12	0
Rock of the Vanquisher	snake-eye	3	12	12	1
Skill Drain	rescue-ace	9	9	95	0
Skill Drain	snake-eye	10	19	95	1
Skill Drain	current	76	95	95	3
Spright Starter	rescue-ace	9	9	12	0
Spright Starter	current	3	12	12	3
Stake your Soul!	rescue-ace	9	9	12	0
Stake your Soul!	snake-eye	3	12	12	1
Terraforming	rescue-ace	9	9	42	0
Terraforming	snake-eye	14	23	42	1
Terraforming	current	19	42	42	3
Vanquish Soul Razen	rescue-ace	9	9	12	0
Vanquish Soul Razen	snake-eye	3	12	12	1
Dingirsu, the Orcust of the Evening Star	rescue-ace	8	8	9	0
Dingirsu, the Orcust of the Evening Star	current	1	9	9	3
Expurrely Noir	rescue-ace	8	8	16	0
Expurrely Noir	snake-eye	4	12	16	1
Expurrely Noir	current	4	16	16	3
Fire King Sky Burn	rescue-ace	8	8	16	0
Fire King Sky Burn	snake-eye	7	15	16	1
Fire King Sky Burn	current	1	16	16	3
Garunix Eternity, Hyang of the Fire Kings	rescue-ace	8	8	15	0
Garunix Eternity, Hyang of the Fire Kings	snake-eye	6	14	15	1
Garunix Eternity, Hyang of the Fire Kings	current	1	15	15	3
Ghost Ogre & Snow Rabbit	rescue-ace	8	8	122	0
Ghost Ogre & Snow Rabbit	snake-eye	30	38	122	1
Ghost Ogre & Snow Rabbit	current	84	122	122	3
Hugin the Runick Wings	rescue-ace	8	8	32	0
Hugin the Runick Wings	snake-eye	9	17	32	1
Hugin the Runick Wings	current	15	32	32	3
Kashtira Unicorn	rescue-ace	8	8	55	0
Kashtira Unicorn	snake-eye	28	36	55	1
Kashtira Unicorn	current	19	55	55	3
Mistaken Arrest	rescue-ace	8	8	8	0
Rescue-ACE Fire Attacker	rescue-ace	8	8	8	0
Runick Fountain	rescue-ace	8	8	24	0
Runick Fountain	snake-eye	6	14	24	1
Runick Fountain	current	10	24	24	3
Snake-Eye Ash	rescue-ace	8	8	448	0
Snake-Eye Ash	snake-eye	311	319	448	1
Snake-Eye Ash	current	129	448	448	3
Summon Limit	rescue-ace	8	8	242	0
Summon Limit	snake-eye	234	242	242	1
Unchained Soul of Shyama	rescue-ace	8	8	8	0
Unchained Twins - Rakea	rescue-ace	8	8	8	0
Underworld Goddess of the Closed World	rescue-ace	8	8	43	0
Underworld Goddess of the Closed World	snake-eye	23	31	43	1
Underworld Goddess of the Closed World	current	12	43	43	3
Visas Samsara	rescue-ace	8	8	15	0
Visas Samsara	snake-eye	4	12	15	1
Visas Samsara	current	3	15	15	3
Crimson Dragon	rescue-ace	7	7	10	0
Crimson Dragon	snake-eye	3	10	10	1
Destiny HERO - Denier	rescue-ace	7	7	7	0
Different Dimension Ground	rescue-ace	7	7	12	0
Different Dimension Ground	snake-eye	3	10	12	1
Different Dimension Ground	current	2	12	12	3
Eradicator Epidemic Virus	rescue-ace	7	7	11	0
Eradicator Epidemic Virus	current	4	11	11	3
Gigantic Spright	rescue-ace	7	7	9	0
Gigantic Spright	current	2	9	9	3
Scareclaw Reichheart	rescue-ace	7	7	14	0
Scareclaw Reichheart	snake-eye	4	11	14	1
Scareclaw Reichheart	current	3	14	14	3
Trap Trick	rescue-ace	7	7	18	0
Trap Trick	current	11	18	18	3
Vanquish Soul Heavy Borger	rescue-ace	7	7	9	0
Vanquish Soul Heavy Borger	snake-eye	2	9	9	1
Abominable Unchained Soul	rescue-ace	6	6	6	0
Bonfire	rescue-ace	6	6	444	0
Bonfire	snake-eye	309	315	444	1
Bonfire	current	129	444	444	3
Branded Fusion	rescue-ace	6	6	54	0
Branded Fusion	snake-eye	30	36	54	1
Branded Fusion	current	18	54	54	3
Chimera Fusion	rescue-ace	6	6	8	0
Chimera Fusion	snake-eye	2	8	8	1
Cornfield Coatl	rescue-ace	6	6	9	0
Cornfield Coatl	snake-eye	3	9	9	1
D/D/D Deviser King Deus Machinex	rescue-ace	6	6	6	0
Fiendish Rhino Warrior	rescue-ace	6	6	6	0
Fire King Avatar Barong	rescue-ace	6	6	7	0
Fire King Avatar Barong	snake-eye	1	7	7	1
Floowandereeze & Eglen	rescue-ace	6	6	24	0
Floowandereeze & Eglen	snake-eye	12	18	24	1
Floowandereeze & Eglen	current	6	24	24	3
Floowandereeze & Robina	rescue-ace	6	6	24	0
Floowandereeze & Robina	snake-eye	12	18	24	1
Floowandereeze & Robina	current	6	24	24	3
Floowandereeze and the Advent of Adventure	rescue-ace	6	6	24	0
Floowandereeze and the Advent of Adventure	snake-eye	12	18	24	1
Floowandereeze and the Advent of Adventure	current	6	24	24	3
Floowandereeze and the Magnificent Map	rescue-ace	6	6	24	0
Floowandereeze and the Magnificent Map	snake-eye	12	18	24	1
Floowandereeze and the Magnificent Map	current	6	24	24	3
Foolish Burial Goods	rescue-ace	6	6	9	0
Foolish Burial Goods	snake-eye	3	9	9	1
Gazelle the King of Mythical Claws	rescue-ace	6	6	9	0
Gazelle the King of Mythical Claws	snake-eye	3	9	9	1
Harpie's Feather Storm	rescue-ace	6	6	24	0
Harpie's Feather Storm	snake-eye	12	18	24	1
Harpie's Feather Storm	current	6	24	24	3
Magic Deflector	rescue-ace	6	6	6	0
Mikanko Water Arabesque	rescue-ace	6	6	6	0
Mirror Swordknight	rescue-ace	6	6	9	0
Mirror Swordknight	snake-eye	3	9	9	1
Ohime the Manifested Mikanko	rescue-ace	6	6	6	0
Pot of Duality	rescue-ace	6	6	44	0
Pot of Duality	snake-eye	20	26	44	1
Pot of Duality	current	18	44	44	3
Preparation of Rites	rescue-ace	6	6	6	0
Primitive Planet Reichphobia	rescue-ace	6	6	12	0
Primitive Planet Reichphobia	snake-eye	4	10	12	1
Primitive Planet Reichphobia	current	2	12	12	3
Scareclaw Arrival	rescue-ace	6	6	11	0
Scareclaw Arrival	snake-eye	3	9	11	1
Scareclaw Arrival	current	2	11	11	3
Scareclaw Kashtira	rescue-ace	6	6	16	0
Scareclaw Kashtira	snake-eye	7	13	16	1
Scareclaw Kashtira	current	3	16	16	3
Scareclaw Light-Heart	rescue-ace	6	6	12	0
Scareclaw Light-Heart	snake-eye	4	10	12	1
Scareclaw Light-Heart	current	2	12	12	3
Spright Red	rescue-ace	6	6	7	0
Spright Red	current	1	7	7	3
Stray Purrely Street	rescue-ace	6	6	18	0
Stray Purrely Street	snake-eye	6	12	18	1
Stray Purrely Street	current	6	18	18	3
Superheavy Samurai Motorbike	rescue-ace	6	6	6	0
Superheavy Samurai Prodigy Wakaushi	rescue-ace	6	6	6	0
Tearlaments Heartbeat	rescue-ace	6	6	6	0
Unchained Twins - Sarama	rescue-ace	6	6	6	0
Vanquish Soul Jiaolong	rescue-ace	6	6	8	0
Vanquish Soul Jiaolong	snake-eye	2	8	8	1
Vicious Astraloud	rescue-ace	6	6	11	0
Vicious Astraloud	snake-eye	4	10	11	1
Vicious Astraloud	current	1	11	11	3
Visas Starfrost	rescue-ace	6	6	10	0
Visas Starfrost	snake-eye	3	9	10	1
Visas Starfrost	current	1	10	10	3
Xyz Encore	rescue-ace	6	6	6	0
Accel Synchro Stardust Dragon	rescue-ace	5	5	11	0
Accel Synchro Stardust Dragon	snake-eye	6	11	11	1
Anti-Spell Fragrance	rescue-ace	5	5	111	0
Anti-Spell Fragrance	snake-eye	87	92	111	1
Anti-Spell Fragrance	current	19	111	111	3
Bystial Dis Pater	rescue-ace	5	5	17	0
Bystial Dis Pater	snake-eye	2	7	17	1
Bystial Dis Pater	current	10	17	17	3
Bystial Saronir	rescue-ace	5	5	27	0
Bystial Saronir	snake-eye	15	20	27	1
Bystial Saronir	current	7	27	27	3
Chimera the King of Phantom Beasts	rescue-ace	5	5	7	0
Chimera the King of Phantom Beasts	snake-eye	1	6	7	1
Chimera the King of Phantom Beasts	current	1	7	7	3
Clara & Rushka, the Ventriloduo	rescue-ace	5	5	5	0
Denko Sekka	rescue-ace	5	5	5	0
Destrudo the Lost Dragon's Frisson	rescue-ace	5	5	5	0
Dimensional Fissure	rescue-ace	5	5	41	0
Dimensional Fissure	snake-eye	25	30	41	1
Dimensional Fissure	current	11	41	41	3
Downerd Magician	rescue-ace	5	5	15	0
Downerd Magician	snake-eye	6	11	15	1
Downerd Magician	current	4	15	15	3
Epurrely Beauty	rescue-ace	5	5	13	0
Epurrely Beauty	snake-eye	4	9	13	1
Epurrely Beauty	current	4	13	13	3
Epurrely Happiness	rescue-ace	5	5	13	0
Epurrely Happiness	snake-eye	4	9	13	1
Epurrely Happiness	current	4	13	13	3
Gameciel, the Sea Turtle Kaiju	rescue-ace	5	5	6	0
Gameciel, the Sea Turtle Kaiju	snake-eye	1	6	6	1
Gen the Diamond Tiger	rescue-ace	5	5	5	0
Harpie's Feather Duster	rescue-ace	5	5	16	0
Harpie's Feather Duster	snake-eye	6	11	16	1
Harpie's Feather Duster	current	5	16	16	3
Herald of the Abyss	rescue-ace	5	5	11	0
Herald of the Abyss	snake-eye	3	8	11	1
Herald of the Abyss	current	3	11	11	3
Isolde, Two Tales of the Noble Knights	rescue-ace	5	5	5	0
King of the Swamp	rescue-ace	5	5	5	0
Mannadium Abscission	rescue-ace	5	5	7	0
Mannadium Abscission	snake-eye	2	7	7	1
Proxy F Magician	rescue-ace	5	5	7	0
Proxy F Magician	snake-eye	2	7	7	1
Purrelyeap!?	rescue-ace	5	5	9	0
Purrelyeap!?	snake-eye	2	7	9	1
Purrelyeap!?	current	2	9	9	3
Red Resonator	rescue-ace	5	5	5	0
Rite of Aramesir	rescue-ace	5	5	7	0
Rite of Aramesir	snake-eye	2	7	7	1
Small World	rescue-ace	5	5	7	0
Small World	current	2	7	7	3
Snake-Eyes Flamberge Dragon	rescue-ace	5	5	237	0
Snake-Eyes Flamberge Dragon	snake-eye	153	158	237	1
Snake-Eyes Flamberge Dragon	current	79	237	237	3
Spright Carrot	rescue-ace	5	5	6	0
Spright Carrot	current	1	6	6	3
Swordsoul Supreme Sovereign - Chengying	rescue-ace	5	5	8	0
Swordsoul Supreme Sovereign - Chengying	snake-eye	2	7	8	1
Swordsoul Supreme Sovereign - Chengying	current	1	8	8	3
Water Enchantress of the Temple	rescue-ace	5	5	8	0
Water Enchantress of the Temple	snake-eye	3	8	8	1
"Infernoble Arms - Durendal"	rescue-ace	4	4	5	0
"Infernoble Arms - Durendal"	snake-eye	1	5	5	1
Archfiend's Ghastly Glitch	rescue-ace	4	4	4	0
Ariane the Labrynth Servant	rescue-ace	4	4	4	0
Beastking of the Swamps	rescue-ace	4	4	4	0
Big-Winged Berfomet	rescue-ace	4	4	6	0
Big-Winged Berfomet	snake-eye	2	6	6	1
Branded Regained	rescue-ace	4	4	5	0
Branded Regained	current	1	5	5	3
Centur-Ion Bonds	rescue-ace	4	4	4	0
Centur-Ion Emeth VI	rescue-ace	4	4	4	0
Centur-Ion Phalanx	rescue-ace	4	4	4	0
Cosmic Blazar Dragon	rescue-ace	4	4	4	0
Cross-Sheep	rescue-ace	4	4	6	0
Cross-Sheep	snake-eye	2	6	6	1
D/D/D Vice King Requiem	rescue-ace	4	4	4	0
Dark Ruler No More	rescue-ace	4	4	53	0
Dark Ruler No More	snake-eye	28	32	53	1
Dark Ruler No More	current	21	53	53	3
Epurrely Noir	rescue-ace	4	4	8	0
Epurrely Noir	snake-eye	2	6	8	1
Epurrely Noir	current	2	8	8	3
Epurrely Plump	rescue-ace	4	4	8	0
Epurrely Plump	snake-eye	2	6	8	1
Epurrely Plump	current	2	8	8	3
Fire Flint Lady	rescue-ace	4	4	4	0
Floowandereeze & Empen	rescue-ace	4	4	18	0
Floowandereeze & Empen	snake-eye	8	12	18	1
Floowandereeze & Empen	current	6	18	18	3
Geri the Runick Fangs	rescue-ace	4	4	25	0
Geri the Runick Fangs	snake-eye	8	12	25	1
Geri the Runick Fangs	current	13	25	25	3
Guardian Chimera	rescue-ace	4	4	12	0
Guardian Chimera	snake-eye	4	8	12	1
Guardian Chimera	current	4	12	12	3
Guiding Quem, the Virtuous	rescue-ace	4	4	13	0
Guiding Quem, the Virtuous	snake-eye	2	6	13	1
Guiding Quem, the Virtuous	current	7	13	13	3
Ha-Re the Sword Mikanko	rescue-ace	4	4	4	0
Herald of the Arc Light	rescue-ace	4	4	31	0
Herald of the Arc Light	snake-eye	17	21	31	1
Herald of the Arc Light	current	10	31	31	3
Hot Red Dragon Archfiend King Calamity	rescue-ace	4	4	5	0
Hot Red Dragon Archfiend King Calamity	snake-eye	1	5	5	1
Kashtira Shangri-Ira	rescue-ace	4	4	13	0
Kashtira Shangri-Ira	snake-eye	6	10	13	1
Kashtira Shangri-Ira	current	3	13	13	3
Lyna the Light Charmer, Lustrous	rescue-ace	4	4	20	0
Lyna the Light Charmer, Lustrous	snake-eye	10	14	20	1
Lyna the Light Charmer, Lustrous	current	6	20	20	3
Number 29: Mannequin Cat	rescue-ace	4	4	5	0
Number 29: Mannequin Cat	current	1	5	5	3
Number 2: Ninja Shadow Mosquito	rescue-ace	4	4	4	0
Purrely Delicious Memory	rescue-ace	4	4	10	0
Purrely Delicious Memory	snake-eye	2	6	10	1
Purrely Delicious Memory	current	4	10	10	3
Runick Smiting Storm	rescue-ace	4	4	11	0
Runick Smiting Storm	snake-eye	2	6	11	1
Runick Smiting Storm	current	5	11	11	3
Tearlaments Rulkallos	rescue-ace	4	4	4	0
Vanquish Soul Dr. Mad Love	rescue-ace	4	4	5	0
Vanquish Soul Dr. Mad Love	snake-eye	1	5	5	1
Absolute King Back Jack	rescue-ace	3	3	12	0
Absolute King Back Jack	current	9	12	12	3
Angelica's Angelic Ring	rescue-ace	3	3	3	0
Artifact Lancea	rescue-ace	3	3	9	0
Artifact Lancea	snake-eye	3	6	9	1
Artifact Lancea	current	3	9	9	3
Battlin' Boxer King Dempsey	rescue-ace	3	3	4	0
Battlin' Boxer King Dempsey	snake-eye	1	4	4	1
Berfomet the Mythical King of Phantom Beasts	rescue-ace	3	3	6	0
Berfomet the Mythical King of Phantom Beasts	snake-eye	1	4	6	1
Berfomet the Mythical King of Phantom Beasts	current	2	6	6	3
Black Metal Dragon	rescue-ace	3	3	5	0
Black Metal Dragon	current	2	5	5	3
Branded Opening	rescue-ace	3	3	21	0
Branded Opening	snake-eye	6	9	21	1
Branded Opening	current	12	21	21	3
Danger! Mothman!	rescue-ace	3	3	5	0
Danger! Mothman!	current	2	5	5	3
Dark Armed, the Dragon of Annihilation	rescue-ace	3	3	12	0
Dark Armed, the Dragon of Annihilation	snake-eye	7	10	12	1
Dark Armed, the Dragon of Annihilation	current	2	12	12	3
Dark Beckoning Beast	rescue-ace	3	3	3	0
Deck Lockdown	rescue-ace	3	3	34	0
Deck Lockdown	snake-eye	6	9	34	1
Deck Lockdown	current	25	34	34	3
Diviner of the Herald	rescue-ace	3	3	72	0
Diviner of the Herald	snake-eye	51	54	72	1
Diviner of the Herald	current	18	72	72	3
Duality	rescue-ace	3	3	3	0
Fallen of Albaz	rescue-ace	3	3	31	0
Fallen of Albaz	snake-eye	14	17	31	1
Fallen of Albaz	current	14	31	31	3
Fire Formation - Tenki	rescue-ace	3	3	3	0
Full Force Virus	rescue-ace	3	3	5	0
Full Force Virus	current	2	5	5	3
Gilti-Gearfried the Magical Steel Knight	rescue-ace	3	3	3	0
Girsu, the Orcust Mekk-Knight	rescue-ace	3	3	3	0
Gizmek Uka, the Festive Fox of Fecundity	rescue-ace	3	3	3	0
Gozen Match	rescue-ace	3	3	10	0
Gozen Match	snake-eye	4	7	10	1
Gozen Match	current	3	10	10	3
Heritage of the Chalice	rescue-ace	3	3	3	0
Infernoble Knight - Renaud	rescue-ace	3	3	3	0
Jet Synchron	rescue-ace	3	3	60	0
Jet Synchron	snake-eye	43	46	60	1
Jet Synchron	current	14	60	60	3
Kashtira Ogre	rescue-ace	3	3	6	0
Kashtira Ogre	snake-eye	3	6	6	1
Ken the Warrior Dragon	rescue-ace	3	3	3	0
Knightmare Gryphon	rescue-ace	3	3	3	0
Live☆Twin Lil-la	rescue-ace	3	3	5	0
Live☆Twin Lil-la	current	2	5	5	3
Mannadium Reframing	rescue-ace	3	3	5	0
Mannadium Reframing	snake-eye	2	5	5	1
Mannadium Trisukta	rescue-ace	3	3	5	0
Mannadium Trisukta	snake-eye	2	5	5	1
Marincess Blue Tang	rescue-ace	3	3	3	0
Marincess Mandarin	rescue-ace	3	3	3	0
Marincess Pascalus	rescue-ace	3	3	3	0
Marincess Sea Horse	rescue-ace	3	3	3	0
Marincess Springirl	rescue-ace	3	3	3	0
Mecha Phantom Beast Dracossack	rescue-ace	3	3	24	0
Mecha Phantom Beast Dracossack	snake-eye	9	12	24	1
Mecha Phantom Beast Dracossack	current	12	24	24	3
Nadir Servant	rescue-ace	3	3	6	0
Nadir Servant	snake-eye	3	6	6	1
Neo Space Connector	rescue-ace	3	3	3	0
Noble Arms Museum	rescue-ace	3	3	3	0
Number 11: Big Eye	rescue-ace	3	3	11	0
Number 11: Big Eye	snake-eye	6	9	11	1
Number 11: Big Eye	current	2	11	11	3
Orcust Knightmare	rescue-ace	3	3	3	0
Parallel eXceed	rescue-ace	3	3	6	0
Parallel eXceed	snake-eye	3	6	6	1
Phantom Knights' Fog Blade	rescue-ace	3	3	6	0
Phantom Knights' Fog Blade	snake-eye	3	6	6	1
Polymerization	rescue-ace	3	3	8	0
Polymerization	snake-eye	4	7	8	1
Polymerization	current	1	8	8	3
Pot of Desires	rescue-ace	3	3	41	0
Pot of Desires	snake-eye	7	10	41	1
Pot of Desires	current	31	41	41	3
Quick Launch	rescue-ace	3	3	6	0
Quick Launch	current	3	6	6	3
Red-Eyes Flare Metal Dragon	rescue-ace	3	3	9	0
Red-Eyes Flare Metal Dragon	snake-eye	4	7	9	1
Red-Eyes Flare Metal Dragon	current	2	9	9	3
Rikka Glamour	rescue-ace	3	3	3	0
Rikka Princess	rescue-ace	3	3	3	0
Rivalry of Warlords	rescue-ace	3	3	25	0
Rivalry of Warlords	snake-eye	7	10	25	1
Rivalry of Warlords	current	15	25	25	3
Runick Dispelling	rescue-ace	3	3	9	0
Runick Dispelling	snake-eye	2	5	9	1
Runick Dispelling	current	4	9	9	3
Scarlight Red Dragon Archfiend	rescue-ace	3	3	3	0
Spright Double Cross	rescue-ace	3	3	3	0
Starliege Seyfert	rescue-ace	3	3	6	0
Starliege Seyfert	current	3	6	6	3
Sunavalon Dryas	rescue-ace	3	3	3	0
Sunseed Genius Loci	rescue-ace	3	3	3	0
Superheavy Samurai Monk Big Benkei	rescue-ace	3	3	3	0
Tearlaments Cryme	rescue-ace	3	3	3	0
Tearlaments Metanoise	rescue-ace	3	3	3	0
The End of Anubis	rescue-ace	3	3	3	0
The Phantom Knights of Silent Boots	rescue-ace	3	3	6	0
The Phantom Knights of Silent Boots	snake-eye	3	6	6	1
The Phantom Knights of Torn Scales	rescue-ace	3	3	5	0
The Phantom Knights of Torn Scales	snake-eye	2	5	5	1
Traptrix Holeutea	rescue-ace	3	3	3	0
Traptrix Mantis	rescue-ace	3	3	3	0
Traptrix Myrmeleo	rescue-ace	3	3	3	0
Traptrix Pudica	rescue-ace	3	3	3	0
Traptrix Sera	rescue-ace	3	3	3	0
Twin Twisters	rescue-ace	3	3	26	0
Twin Twisters	snake-eye	7	10	26	1
Twin Twisters	current	16	26	26	3
Unexpected Dai	rescue-ace	3	3	3	0
Vanquish Soul - Continue?	rescue-ace	3	3	4	0
Vanquish Soul - Continue?	snake-eye	1	4	4	1
Vanquish Soul Caesar Valius	rescue-ace	3	3	5	0
Vanquish Soul Caesar Valius	snake-eye	2	5	5	1
Vanquish Soul Pantera	rescue-ace	3	3	4	0
Vanquish Soul Pantera	snake-eye	1	4	4	1
Vanquish Soul Snow Devil	rescue-ace	3	3	4	0
Vanquish Soul Snow Devil	snake-eye	1	4	4	1
Visas Amritara	rescue-ace	3	3	5	0
Visas Amritara	snake-eye	2	5	5	1
"Infernoble Arms - Almace"	rescue-ace	2	2	2	0
Albion the Branded Dragon	rescue-ace	2	2	28	0
Albion the Branded Dragon	snake-eye	15	17	28	1
Albion the Branded Dragon	current	11	28	28	3
Amphibious Swarmship Amblowhale	rescue-ace	2	2	73	0
Amphibious Swarmship Amblowhale	snake-eye	64	66	73	1
Amphibious Swarmship Amblowhale	current	7	73	73	3
Archlord Kristya	rescue-ace	2	2	2	0
Aromaseraphy Jasmine	rescue-ace	2	2	2	0
Artemis, the Magistus Moon Maiden	rescue-ace	2	2	2	0
Barricadeborg Blocker	rescue-ace	2	2	2	0
Barrier Statue of the Abyss	rescue-ace	2	2	2	0
Blazing Cartesia, the Virtuous	rescue-ace	2	2	17	0
Blazing Cartesia, the Virtuous	snake-eye	4	6	17	1
Blazing Cartesia, the Virtuous	current	11	17	17	3
Bystial Baldrake	rescue-ace	2	2	39	0
Bystial Baldrake	snake-eye	30	32	39	1
Bystial Baldrake	current	7	39	39	3
Cherubini, Ebon Angel of the Burning Abyss	rescue-ace	2	2	3	0
Cherubini, Ebon Angel of the Burning Abyss	snake-eye	1	3	3	1
Chimera the Illusion Beast	rescue-ace	2	2	3	0
Chimera the Illusion Beast	snake-eye	1	3	3	1
Condemned Darklord	rescue-ace	2	2	3	0
Condemned Darklord	snake-eye	1	3	3	1
Coral Dragon	rescue-ace	2	2	3	0
Coral Dragon	current	1	3	3	3
Danger! Bigfoot!	rescue-ace	2	2	3	0
Danger! Bigfoot!	current	1	3	3	3
Dark Hole	rescue-ace	2	2	3	0
Dark Hole	current	1	3	3	3
Dracoback, the Rideable Dragon	rescue-ace	2	2	3	0
Dracoback, the Rideable Dragon	snake-eye	1	3	3	1
Dragon Knight Draco-Equiste	rescue-ace	2	2	6	0
Dragon Knight Draco-Equiste	snake-eye	4	6	6	1
Edge Imp Chain	rescue-ace	2	2	9	0
Edge Imp Chain	snake-eye	5	7	9	1
Edge Imp Chain	current	2	9	9	3
Emperor Charles the Great	rescue-ace	2	2	2	0
Eria the Water Charmer, Gentle	rescue-ace	2	2	2	0
Evil★Twin Lil-la	rescue-ace	2	2	3	0
Evil★Twin Lil-la	current	1	3	3	3
Fateful Adventure	rescue-ace	2	2	3	0
Fateful Adventure	snake-eye	1	3	3	1
Fire King Avatar Rangbali	rescue-ace	2	2	2	0
Floowandereeze & Stri	rescue-ace	2	2	10	0
Floowandereeze & Stri	snake-eye	5	7	10	1
Floowandereeze & Stri	current	3	10	10	3
Floowandereeze & Toccan	rescue-ace	2	2	9	0
Floowandereeze & Toccan	snake-eye	4	6	9	1
Floowandereeze & Toccan	current	3	9	9	3
Floowandereeze and the Dreaming Town	rescue-ace	2	2	8	0
Floowandereeze and the Dreaming Town	snake-eye	4	6	8	1
Floowandereeze and the Dreaming Town	current	2	8	8	3
Floowandereeze and the Unexplored Winds	rescue-ace	2	2	8	0
Floowandereeze and the Unexplored Winds	snake-eye	4	6	8	1
Floowandereeze and the Unexplored Winds	current	2	8	8	3
Formula Synchron	rescue-ace	2	2	52	0
Formula Synchron	snake-eye	41	43	52	1
Formula Synchron	current	9	52	52	3
Frightfur Patchwork	rescue-ace	2	2	8	0
Frightfur Patchwork	snake-eye	4	6	8	1
Frightfur Patchwork	current	2	8	8	3
Fusion Deployment	rescue-ace	2	2	20	0
Fusion Deployment	snake-eye	6	8	20	1
Fusion Deployment	current	12	20	20	3
G Golem Crystal Heart	rescue-ace	2	2	8	0
G Golem Crystal Heart	snake-eye	5	7	8	1
G Golem Crystal Heart	current	1	8	8	3
Galatea, the Orcust Automaton	rescue-ace	2	2	2	0
Geomathmech Final Sigma	rescue-ace	2	2	2	0
Geonator Transverser	rescue-ace	2	2	2	0
Grapha, Dragon Overlord of Dark World	rescue-ace	2	2	4	0
Grapha, Dragon Overlord of Dark World	current	2	4	4	3
Hu-Li the Jewel Mikanko	rescue-ace	2	2	2	0
Illusion of Chaos	rescue-ace	2	2	2	0
Knightmare Cerberus	rescue-ace	2	2	4	0
Knightmare Cerberus	snake-eye	1	3	4	1
Knightmare Cerberus	current	1	4	4	3
Live☆Twin Ki-sikil	rescue-ace	2	2	3	0
Live☆Twin Ki-sikil	current	1	3	3	3
Live☆Twin Sunny's Snitch	rescue-ace	2	2	4	0
Live☆Twin Sunny's Snitch	current	2	4	4	3
Lonefire Blossom	rescue-ace	2	2	2	0
Lord of the Heavenly Prison	rescue-ace	2	2	8	0
Lord of the Heavenly Prison	current	6	8	8	3
Lyrilusc - Assembled Nightingale	rescue-ace	2	2	14	0
Lyrilusc - Assembled Nightingale	snake-eye	5	7	14	1
Lyrilusc - Assembled Nightingale	current	7	14	14	3
Lyrilusc - Ensemblue Robin	rescue-ace	2	2	3	0
Lyrilusc - Ensemblue Robin	snake-eye	1	3	3	1
Magicians' Souls	rescue-ace	2	2	11	0
Magicians' Souls	snake-eye	8	10	11	1
Magicians' Souls	current	1	11	11	3
Magnum the Reliever	rescue-ace	2	2	4	0
Magnum the Reliever	snake-eye	1	3	4	1
Magnum the Reliever	current	1	4	4	3
Marincess Blue Slug	rescue-ace	2	2	2	0
Marincess Coral Anemone	rescue-ace	2	2	2	0
Marincess Dive	rescue-ace	2	2	2	0
Marincess Sea Angel	rescue-ace	2	2	2	0
Marincess Wave	rescue-ace	2	2	2	0
Melffy Catty	rescue-ace	2	2	2	0
Melffy Pinny	rescue-ace	2	2	2	0
Melffy of the Forest	rescue-ace	2	2	2	0
Mikanko Dance - Mayowashidori	rescue-ace	2	2	2	0
Mikanko Fire Dance	rescue-ace	2	2	2	0
Mikanko Kagura	rescue-ace	2	2	2	0
Mikanko Reflection Rondo	rescue-ace	2	2	2	0
Mikanko Spiritwalk	rescue-ace	2	2	2	0
Mirrorjade the Iceblade Dragon	rescue-ace	2	2	28	0
Mirrorjade the Iceblade Dragon	snake-eye	15	17	28	1
Mirrorjade the Iceblade Dragon	current	11	28	28	3
Mist Valley Apex Avian	rescue-ace	2	2	8	0
Mist Valley Apex Avian	snake-eye	4	6	8	1
Mist Valley Apex Avian	current	2	8	8	3
Mudan the Rikka Fairy	rescue-ace	2	2	2	0
Munin the Runick Wings	rescue-ace	2	2	19	0
Munin the Runick Wings	snake-eye	6	8	19	1
Munin the Runick Wings	current	11	19	19	3
Night Sword Serpent	rescue-ace	2	2	2	0
Number 30: Acid Golem of Destruction	rescue-ace	2	2	3	0
Number 30: Acid Golem of Destruction	current	1	3	3	3
Onibimaru Soul Sweeper	rescue-ace	2	2	2	0
Orcust Crescendo	rescue-ace	2	2	2	0
PSY-Framelord Omega	rescue-ace	2	2	12	0
PSY-Framelord Omega	snake-eye	1	3	12	1
PSY-Framelord Omega	current	9	12	12	3
Raiza the Mega Monarch	rescue-ace	2	2	8	0
Raiza the Mega Monarch	snake-eye	4	6	8	1
Raiza the Mega Monarch	current	2	8	8	3
Red-Eyes Dark Dragoon	rescue-ace	2	2	4	0
Red-Eyes Dark Dragoon	snake-eye	2	4	4	1
Rikka Konkon	rescue-ace	2	2	2	0
Rikka Petal	rescue-ace	2	2	2	0
Rikka Queen Strenna	rescue-ace	2	2	2	0
Rindbrumm the Striking Dragon	rescue-ace	2	2	9	0
Rindbrumm the Striking Dragon	snake-eye	3	5	9	1
Rindbrumm the Striking Dragon	current	4	9	9	3
Rokket Tracer	rescue-ace	2	2	4	0
Rokket Tracer	current	2	4	4	3
Salamangreat Balelynx	rescue-ace	2	2	12	0
Salamangreat Balelynx	snake-eye	9	11	12	1
Salamangreat Balelynx	current	1	12	12	3
Shaddoll Beast	rescue-ace	2	2	2	0
Sky Striker Ace - Azalea	rescue-ace	2	2	2	0
Sleipnir the Runick Mane	rescue-ace	2	2	10	0
Sleipnir the Runick Mane	snake-eye	4	6	10	1
Sleipnir the Runick Mane	current	4	10	10	3
Soul Release	rescue-ace	2	2	45	0
Soul Release	snake-eye	43	45	45	1
Spright Smashers	rescue-ace	2	2	5	0
Spright Smashers	current	3	5	5	3
Sunvine Healer	rescue-ace	2	2	2	0
Sunvine Sowing	rescue-ace	2	2	2	0
Superheavy Samurai Soulgaia Booster	rescue-ace	2	2	2	0
Superheavy Samurai Soulpiercer	rescue-ace	2	2	2	0
Terrifying Trap Hole Nightmare	rescue-ace	2	2	2	0
The Great Mikanko Ceremony	rescue-ace	2	2	2	0
The Light - Hex-Sealed Fusion	rescue-ace	2	2	3	0
The Light - Hex-Sealed Fusion	snake-eye	1	3	3	1
The Phantom Knights of Ancient Cloak	rescue-ace	2	2	4	0
The Phantom Knights of Ancient Cloak	snake-eye	2	4	4	1
The Phantom Knights of Break Sword	rescue-ace	2	2	4	0
The Phantom Knights of Break Sword	snake-eye	2	4	4	1
Therion "King" Regulus	rescue-ace	2	2	2	0
Therion "Lily" Borea	rescue-ace	2	2	2	0
Traptrix Dionaea	rescue-ace	2	2	2	0
Tri-Edge Master	rescue-ace	2	2	2	0
Unchained Soul of Disaster	rescue-ace	2	2	2	0
Wandering Gryphon Rider	rescue-ace	2	2	3	0
Wandering Gryphon Rider	snake-eye	1	3	3	1
"Infernoble Arms - Joyeuse"	rescue-ace	1	1	1	0
Absorouter Dragon	rescue-ace	1	1	2	0
Absorouter Dragon	current	1	2	2	3
Adamancipator Risen - Dragite	rescue-ace	1	1	2	0
Adamancipator Risen - Dragite	current	1	2	2	3
Agnimal Candle	rescue-ace	1	1	1	0
Allvain the Essence of Vanity	rescue-ace	1	1	1	0
Aluber the Jester of Despia	rescue-ace	1	1	18	0
Aluber the Jester of Despia	snake-eye	5	6	18	1
Aluber the Jester of Despia	current	12	18	18	3
Angelica, Princess of Noble Arms	rescue-ace	1	1	1	0
Artifact Durendal	rescue-ace	1	1	1	0
Aussa the Earth Charmer, Immovable	rescue-ace	1	1	1	0
Barrier Statue of the Inferno	rescue-ace	1	1	1	0
Benghalancer the Resurgent	rescue-ace	1	1	1	0
Black Dragon Collapserpent	rescue-ace	1	1	2	0
Black Dragon Collapserpent	current	1	2	2	3
Black Luster Soldier - Soldier of Chaos	rescue-ace	1	1	5	0
Black Luster Soldier - Soldier of Chaos	snake-eye	3	4	5	1
Black Luster Soldier - Soldier of Chaos	current	1	5	5	3
Boot Sector Launch	rescue-ace	1	1	2	0
Boot Sector Launch	current	1	2	2	3
Borrelend Dragon	rescue-ace	1	1	2	0
Borrelend Dragon	current	1	2	2	3
Borreload Savage Dragon	rescue-ace	1	1	42	0
Borreload Savage Dragon	snake-eye	40	41	42	1
Borreload Savage Dragon	current	1	42	42	3
Card Destruction	rescue-ace	1	1	2	0
Card Destruction	current	1	2	2	3
Change of Heart	rescue-ace	1	1	32	0
Change of Heart	snake-eye	12	13	32	1
Change of Heart	current	19	32	32	3
Chaos Dragon Levianeer	rescue-ace	1	1	2	0
Chaos Dragon Levianeer	current	1	2	2	3
Chaos Space	rescue-ace	1	1	4	0
Chaos Space	current	3	4	4	3
Circle of the Fire Kings	rescue-ace	1	1	7	0
Circle of the Fire Kings	snake-eye	6	7	7	1
Courageous Crimson Chevalier Bradamante	rescue-ace	1	1	1	0
Crystal Beast Emerald Tortoise	rescue-ace	1	1	1	0
Cyber Saurus	rescue-ace	1	1	1	0
D.D.R. - Different Dimension Reincarnation	rescue-ace	1	1	1	0
Daigusto Emeral	rescue-ace	1	1	1	0
Danger!? Jackalope?	rescue-ace	1	1	2	0
Danger!? Jackalope?	current	1	2	2	3
Danger!? Tsuchinoko?	rescue-ace	1	1	1	0
Divine Sword - Phoenix Blade	rescue-ace	1	1	1	0
Dogmatika Ecclesia, the Virtuous	rescue-ace	1	1	1	0
Dogmatika Fleurdelis, the Knighted	rescue-ace	1	1	1	0
Dogmatika Punishment	rescue-ace	1	1	8	0
Dogmatika Punishment	current	7	8	8	3
Draco Berserker of the Tenyi	rescue-ace	1	1	2	0
Draco Berserker of the Tenyi	current	1	2	2	3
Dragon Ravine	rescue-ace	1	1	2	0
Dragon Ravine	current	1	2	2	3
Dragunity Knight - Romulus	rescue-ace	1	1	2	0
Dragunity Knight - Romulus	current	1	2	2	3
Elder Entity N'tss	rescue-ace	1	1	34	0
Elder Entity N'tss	snake-eye	24	25	34	1
Elder Entity N'tss	current	9	34	34	3
Evilswarm Exciton Knight	rescue-ace	1	1	3	0
Evilswarm Exciton Knight	snake-eye	1	2	3	1
Evilswarm Exciton Knight	current	1	3	3	3
Evil★Twin Ki-sikil	rescue-ace	1	1	3	0
Evil★Twin Ki-sikil	current	2	3	3	3
Evil★Twin's Trouble Sunny	rescue-ace	1	1	4	0
Evil★Twin's Trouble Sunny	current	3	4	4	3
Fire King Avatar Kirin	rescue-ace	1	1	7	0
Fire King Avatar Kirin	snake-eye	6	7	7	1
Floodgate Trap Hole	rescue-ace	1	1	1	0
Geomathmech Magma	rescue-ace	1	1	1	0
Gigantic "Champion" Sargas	rescue-ace	1	1	1	0
Golden Cloud Beast - Malong	rescue-ace	1	1	6	0
Golden Cloud Beast - Malong	snake-eye	3	4	6	1
Golden Cloud Beast - Malong	current	2	6	6	3
Granguignol the Dusk Dragon	rescue-ace	1	1	12	0
Granguignol the Dusk Dragon	snake-eye	4	5	12	1
Granguignol the Dusk Dragon	current	7	12	12	3
Gravedigger's Trap Hole	rescue-ace	1	1	1	0
Guardragon Pisty	rescue-ace	1	1	2	0
Guardragon Pisty	current	1	2	2	3
Hieratic Seal of the Heavenly Spheres	rescue-ace	1	1	8	0
Hieratic Seal of the Heavenly Spheres	current	7	8	8	3
Immortal Phoenix Gearfried	rescue-ace	1	1	1	0
Infernal Flame Banshee	rescue-ace	1	1	3	0
Infernal Flame Banshee	current	2	3	3	3
Infernoble Knight Captain Roland	rescue-ace	1	1	1	0
Infernoble Knight Emperor Charles	rescue-ace	1	1	1	0
Infernoble Knight Maugis	rescue-ace	1	1	1	0
Infernoble Knight Ogier	rescue-ace	1	1	1	0
Infernoble Knight Oliver	rescue-ace	1	1	1	0
Infernoble Knight Ricciardetto	rescue-ace	1	1	1	0
Infernoble Knight Turpin	rescue-ace	1	1	1	0
Infinitrack Mountain Smasher	rescue-ace	1	1	3	0
Infinitrack Mountain Smasher	snake-eye	1	2	3	1
Infinitrack Mountain Smasher	current	1	3	3	3
Kashtira Big Bang	rescue-ace	1	1	1	0
Kashtira Preparations	rescue-ace	1	1	4	0
Kashtira Preparations	snake-eye	3	4	4	1
Knightmare Corruptor Iblee	rescue-ace	1	1	1	0
Labrynth Set-Up	rescue-ace	1	1	1	0
Leviair the Sea Dragon	rescue-ace	1	1	3	0
Leviair the Sea Dragon	snake-eye	1	2	3	1
Leviair the Sea Dragon	current	1	3	3	3
Live☆Twin Ki-sikil Frost	rescue-ace	1	1	2	0
Live☆Twin Ki-sikil Frost	current	1	2	2	3
Longirsu, the Orcust Orchestrator	rescue-ace	1	1	1	0
Lubellion the Searing Dragon	rescue-ace	1	1	17	0
Lubellion the Searing Dragon	snake-eye	10	11	17	1
Lubellion the Searing Dragon	current	6	17	17	3
Lyrilusc - Recital Starling	rescue-ace	1	1	5	0
Lyrilusc - Recital Starling	snake-eye	3	4	5	1
Lyrilusc - Recital Starling	current	1	5	5	3
Mannadium Imaginings	rescue-ace	1	1	2	0
Mannadium Imaginings	snake-eye	1	2	2	1
Marincess Aqua Argonaut	rescue-ace	1	1	1	0
Marincess Battle Ocean	rescue-ace	1	1	1	0
Marincess Coral Triangle	rescue-ace	1	1	1	0
Marincess Great Bubble Reef	rescue-ace	1	1	1	0
Marincess Marbled Rock	rescue-ace	1	1	1	0
Marionette Mite	rescue-ace	1	1	1	0
Master Tao the Chanter	rescue-ace	1	1	2	0
Master Tao the Chanter	snake-eye	1	2	2	1
Merry Melffys	rescue-ace	1	1	1	0
Mystical Sand	rescue-ace	1	1	1	0
Naturia Rosewhip	rescue-ace	1	1	1	0
Neo-Spacian Aqua Dolphin	rescue-ace	1	1	1	0
Ningirsu the World Chalice Warrior	rescue-ace	1	1	1	0
Number 1: Infection Buzzking	rescue-ace	1	1	1	0
Number 38: Hope Harbinger Dragon Titanic Galaxy	rescue-ace	1	1	18	0
Number 38: Hope Harbinger Dragon Titanic Galaxy	current	17	18	18	3
Number 74: Master of Blades	rescue-ace	1	1	2	0
Number 74: Master of Blades	current	1	2	2	3
Number 90: Galaxy-Eyes Photon Lord	rescue-ace	1	1	4	0
Number 90: Galaxy-Eyes Photon Lord	snake-eye	2	3	4	1
Number 90: Galaxy-Eyes Photon Lord	current	1	4	4	3
Opening of the Spirit Gates	rescue-ace	1	1	1	0
Orcust Cymbal Skeleton	rescue-ace	1	1	1	0
Orcust Harp Horror	rescue-ace	1	1	1	0
Power Tool Braver Dragon	rescue-ace	1	1	1	0
Primula the Rikka Fairy	rescue-ace	1	1	1	0
Psychic End Punisher	rescue-ace	1	1	1	0
Qebehsenuef, Protection of Horus	rescue-ace	1	1	2	0
Qebehsenuef, Protection of Horus	current	1	2	2	3
Raidraptor - Arsenal Falcon	rescue-ace	1	1	1	0
Raidraptor - Napalm Dragonius	rescue-ace	1	1	1	0
Raigeki	rescue-ace	1	1	8	0
Raigeki	snake-eye	7	8	8	1
Rainbow Bridge of Salvation	rescue-ace	1	1	1	0
Red Supernova Dragon	rescue-ace	1	1	1	0
Red-Eyes Darkness Metal Dragon	rescue-ace	1	1	2	0
Red-Eyes Darkness Metal Dragon	current	1	2	2	3
Rikka Sheet	rescue-ace	1	1	1	0
Rokket Recharger	rescue-ace	1	1	2	0
Rokket Recharger	current	1	2	2	3
Runick Golden Droplet	rescue-ace	1	1	7	0
Runick Golden Droplet	snake-eye	2	3	7	1
Runick Golden Droplet	current	4	7	7	3
Sacred Tree Beast, Hyperyton	rescue-ace	1	1	1	0
Salamangreat Heatleo	rescue-ace	1	1	1	0
Sangan	rescue-ace	1	1	1	0
Simorgh, Bird of Perfection	rescue-ace	1	1	1	0
Sinful Spoils of Subversion - Snake-Eye	rescue-ace	1	1	25	0
Sinful Spoils of Subversion - Snake-Eye	snake-eye	18	19	25	1
Sinful Spoils of Subversion - Snake-Eye	current	6	25	25	3
Slacker Magician	rescue-ace	1	1	1	0
Snake-Eye Birch	rescue-ace	1	1	23	0
Snake-Eye Birch	snake-eye	20	21	23	1
Snake-Eye Birch	current	2	23	23	3
Snake-Eye Oak	rescue-ace	1	1	150	0
Snake-Eye Oak	snake-eye	105	106	150	1
Snake-Eye Oak	current	44	150	150	3
Snowdrop the Rikka Fairy	rescue-ace	1	1	1	0
Splash Mage	rescue-ace	1	1	1	0
Spright Gamma Burst	rescue-ace	1	1	1	0
Springans Merrymaker	rescue-ace	1	1	1	0
Starving Venom Fusion Dragon	rescue-ace	1	1	2	0
Starving Venom Fusion Dragon	current	1	2	2	3
Stellarknight Constellar Diamond	rescue-ace	1	1	1	0
Striker Dragon	rescue-ace	1	1	5	0
Striker Dragon	current	4	5	5	3
Submersible Carrier Aero Shark	rescue-ace	1	1	2	0
Submersible Carrier Aero Shark	snake-eye	1	2	2	1
Sunavalon Melias	rescue-ace	1	1	1	0
Sunseed Twin	rescue-ace	1	1	1	0
Sunvine Thrasher	rescue-ace	1	1	1	0
Super Quantum Red Layer	rescue-ace	1	1	1	0
Superheavy Samurai Scales	rescue-ace	1	1	1	0
Superheavy Samurai Security	rescue-ace	1	1	1	0
Sylvan Dancepione	rescue-ace	1	1	1	0
Sylvan Princessprite	rescue-ace	1	1	1	0
Teardrop the Rikka Queen	rescue-ace	1	1	1	0
Tearlaments Grief	rescue-ace	1	1	1	0
Tellarknight Ptolemaeus	rescue-ace	1	1	1	0
Terrors of the Overroot	rescue-ace	1	1	1	0
The Bystial Aluber	rescue-ace	1	1	1	0
The Fabled Unicore	rescue-ace	1	1	1	0
The Phantom Knights of Ragged Gloves	rescue-ace	1	1	2	0
The Phantom Knights of Ragged Gloves	snake-eye	1	2	2	1
The Phantom Knights of Rusty Bardiche	rescue-ace	1	1	2	0
The Phantom Knights of Rusty Bardiche	snake-eye	1	2	2	1
The Phantom Knights of Shade Brigandine	rescue-ace	1	1	1	0
Therion Discolosseum	rescue-ace	1	1	1	0
Tilting Entrainment	rescue-ace	1	1	1	0
Titaniklad the Ash Dragon	rescue-ace	1	1	7	0
Titaniklad the Ash Dragon	snake-eye	2	3	7	1
Titaniklad the Ash Dragon	current	4	7	7	3
Traptrip Garden	rescue-ace	1	1	1	0
Traptrix Allomerus	rescue-ace	1	1	1	0
Traptrix Arachnocampa	rescue-ace	1	1	1	0
Traptrix Atypus	rescue-ace	1	1	1	0
Traptrix Pinguicula	rescue-ace	1	1	1	0
Traptrix Rafflesia	rescue-ace	1	1	1	0
Traptrix Vesiculo	rescue-ace	1	1	1	0
Tri-Brigade Arms Bucephalus II	rescue-ace	1	1	9	0
Tri-Brigade Arms Bucephalus II	snake-eye	3	4	9	1
Tri-Brigade Arms Bucephalus II	current	5	9	9	3
Triple Burst Dragon	rescue-ace	1	1	2	0
Triple Burst Dragon	current	1	2	2	3
Ultimate Slayer	rescue-ace	1	1	12	0
Ultimate Slayer	snake-eye	5	6	12	1
Ultimate Slayer	current	6	12	12	3
Wailing of the Unchained Souls	rescue-ace	1	1	1	0
White Dragon Wyverburster	rescue-ace	1	1	2	0
White Dragon Wyverburster	current	1	2	2	3
Worldsea Dragon Zealantis	rescue-ace	1	1	151	0
Worldsea Dragon Zealantis	snake-eye	103	104	151	1
Worldsea Dragon Zealantis	current	47	151	151	3
Wynn the Wind Charmer, Verdant	rescue-ace	1	1	2	0
Wynn the Wind Charmer, Verdant	current	1	2	2	3
Zoodiac Boarbow	rescue-ace	1	1	2	0
Zoodiac Boarbow	snake-eye	1	2	2	1
Zoodiac Chakanine	rescue-ace	1	1	2	0
Zoodiac Chakanine	snake-eye	1	2	2	1
Snake-Eyes Poplar	snake-eye	209	209	296	1
Snake-Eyes Poplar	current	87	296	296	3
Promethean Princess, Bestower of Flames	snake-eye	156	156	207	1
Promethean Princess, Bestower of Flames	current	51	207	207	3
Salamangreat Raging Phoenix	snake-eye	113	113	160	1
Salamangreat Raging Phoenix	current	47	160	160	3
Divine Temple of the Snake-Eye	snake-eye	91	91	134	1
Divine Temple of the Snake-Eye	current	43	134	134	3
One for One	snake-eye	81	81	108	1
One for One	current	27	108	108	3
Lullaby of Obedience	snake-eye	59	59	88	1
Lullaby of Obedience	current	29	88	88	3
Barrier of the Voiceless Voice	snake-eye	54	54	72	1
Barrier of the Voiceless Voice	current	18	72	72	3
Lo, the Prayers of the Voiceless Voice	snake-eye	54	54	72	1
Lo, the Prayers of the Voiceless Voice	current	18	72	72	3
Saffira, Dragon Queen of the Voiceless Voice	snake-eye	54	54	72	1
Saffira, Dragon Queen of the Voiceless Voice	current	18	72	72	3
Pre-Preparation of Rites	snake-eye	50	50	67	1
Pre-Preparation of Rites	current	17	67	67	3
PSY-Framegear Delta	snake-eye	45	45	49	1
PSY-Framegear Delta	current	4	49	49	3
Prayers of the Voiceless Voice	snake-eye	36	36	48	1
Prayers of the Voiceless Voice	current	12	48	48	3
Skull Guardian, Protector of the Voiceless Voice	snake-eye	36	36	48	1
Skull Guardian, Protector of the Voiceless Voice	current	12	48	48	3
Kurikara Divincarnate	snake-eye	35	35	41	1
Kurikara Divincarnate	current	6	41	41	3
Sauravis, the Ancient and Ascended	snake-eye	32	32	43	1
Sauravis, the Ancient and Ascended	current	11	43	43	3
Agave Dragon	snake-eye	30	30	33	1
Agave Dragon	current	3	33	33	3
Dyna Mondo	snake-eye	30	30	39	1
Dyna Mondo	current	9	39	39	3
Solemn Strike	snake-eye	27	27	30	1
Solemn Strike	current	3	30	30	3
PSY-Frame Driver	snake-eye	20	20	25	1
PSY-Frame Driver	current	5	25	25	3
PSY-Framegear Gamma	snake-eye	20	20	31	1
PSY-Framegear Gamma	current	11	31	31	3
Radiance of the Voiceless Voice	snake-eye	18	18	24	1
Radiance of the Voiceless Voice	current	6	24	24	3
Sauravis, Dragon Sage of the Voiceless Voice	snake-eye	18	18	24	1
Sauravis, Dragon Sage of the Voiceless Voice	current	6	24	24	3
Trias Hierarchia	snake-eye	17	17	23	1
Trias Hierarchia	current	6	23	23	3
Duelittle Chimera	snake-eye	16	16	21	1
Duelittle Chimera	current	5	21	21	3
Mind Control	snake-eye	10	10	33	1
Mind Control	current	23	33	33	3
Odd-Eyes Pendulumgraph Dragon	snake-eye	10	10	14	1
Odd-Eyes Pendulumgraph Dragon	current	4	14	14	3
Salamangreat Circle	snake-eye	9	9	12	1
Salamangreat Circle	current	3	12	12	3
Salamangreat Gazelle	snake-eye	9	9	12	1
Salamangreat Gazelle	current	3	12	12	3
Synchro Zone	snake-eye	9	9	17	1
Synchro Zone	current	8	17	17	3
Typhoon	snake-eye	9	9	9	1
Grave of the Super Ancient Organism	snake-eye	8	8	21	1
Grave of the Super Ancient Organism	current	13	21	21	3
Amano-Iwato	snake-eye	7	7	16	1
Amano-Iwato	current	9	16	16	3
Cynet Mining	snake-eye	7	7	9	1
Cynet Mining	current	2	9	9	3
Salamangreat Spinny	snake-eye	7	7	9	1
Salamangreat Spinny	current	2	9	9	3
Macro Cosmos	snake-eye	6	6	9	1
Macro Cosmos	current	3	9	9	3
Salamangreat of Fire	snake-eye	6	6	7	1
Salamangreat of Fire	current	1	7	7	3
Earth Golem @Ignister	snake-eye	5	5	6	1
Earth Golem @Ignister	current	1	6	6	3
Freki the Runick Fangs	snake-eye	5	5	14	1
Freki the Runick Fangs	current	9	14	14	3
Iron Thunder	snake-eye	5	5	5	1
Time-Tearing Morganite	snake-eye	5	5	7	1
Time-Tearing Morganite	current	2	7	7	3
Albion the Shrouded Dragon	snake-eye	4	4	12	1
Albion the Shrouded Dragon	current	8	12	12	3
Swallow's Cowrie	snake-eye	4	4	9	1
Swallow's Cowrie	current	5	9	9	3
Abyss Shark	snake-eye	3	3	3	1
Albion the Sanctifire Dragon	snake-eye	3	3	8	1
Albion the Sanctifire Dragon	current	5	8	8	3
Buzzsaw Shark	snake-eye	3	3	3	1
Card of Demise	snake-eye	3	3	7	1
Card of Demise	current	4	7	7	3
Cursed Seal of the Forbidden Spell	snake-eye	3	3	11	1
Cursed Seal of the Forbidden Spell	current	8	11	11	3
Emergency Provisions	snake-eye	3	3	6	1
Emergency Provisions	current	3	6	6	3
Foolish Return	snake-eye	3	3	6	1
Foolish Return	current	3	6	6	3
Infernoid Decatron	snake-eye	3	3	3	1
Lady Debug	snake-eye	3	3	3	1
Magical Spring	snake-eye	3	3	6	1
Magical Spring	current	3	6	6	3
Mystical Space Typhoon	snake-eye	3	3	6	1
Mystical Space Typhoon	current	3	6	6	3
Number 76: Harmonizer Gradielle	snake-eye	3	3	5	1
Number 76: Harmonizer Gradielle	current	2	5	5	3
Odd-Eyes Wing Dragon	snake-eye	3	3	4	1
Odd-Eyes Wing Dragon	current	1	4	4	3
Panzer Dragon	snake-eye	3	3	3	1
Salamangreat Foxy	snake-eye	3	3	4	1
Salamangreat Foxy	current	1	4	4	3
Salamangreat Jack Jaguar	snake-eye	3	3	4	1
Salamangreat Jack Jaguar	current	1	4	4	3
Salamangreat Miragestallio	snake-eye	3	3	4	1
Salamangreat Miragestallio	current	1	4	4	3
Salamangreat Rage	snake-eye	3	3	4	1
Salamangreat Rage	current	1	4	4	3
Salamangreat Roar	snake-eye	3	3	4	1
Salamangreat Roar	current	1	4	4	3
Salamangreat Sanctuary	snake-eye	3	3	4	1
Salamangreat Sanctuary	current	1	4	4	3
Salamangreat Weasel	snake-eye	3	3	4	1
Salamangreat Weasel	current	1	4	4	3
Sinful Spoils of Betrayal - Silvera	snake-eye	3	3	9	1
Sinful Spoils of Betrayal - Silvera	current	6	9	9	3
Tyrant's Tirade	snake-eye	3	3	6	1
Tyrant's Tirade	current	3	6	6	3
Void Imagination	snake-eye	3	3	3	1
Void Vanishment	snake-eye	3	3	3	1
Where Arf Thou?	snake-eye	3	3	3	1
Will of the Salamangreat	snake-eye	3	3	4	1
Will of the Salamangreat	current	1	4	4	3
Branded Lost	snake-eye	2	2	7	1
Branded Lost	current	5	7	7	3
Branded Retribution	snake-eye	2	2	6	1
Branded Retribution	current	4	6	6	3
Branded in Red	snake-eye	2	2	8	1
Branded in Red	current	6	8	8	3
Despian Quaeritis	snake-eye	2	2	5	1
Despian Quaeritis	current	3	5	5	3
Despian Tragedy	snake-eye	2	2	8	1
Despian Tragedy	current	6	8	8	3
Dramatic Snake-Eye Chase	snake-eye	2	2	4	1
Dramatic Snake-Eye Chase	current	2	4	4	3
Duamutef, Blessing of Horus	snake-eye	2	2	3	1
Duamutef, Blessing of Horus	current	1	3	3	3
Eldlich the Golden Lord	snake-eye	2	2	2	1
Fusion Duplication	snake-eye	2	2	10	1
Fusion Duplication	current	8	10	10	3
Gimmick Puppet Nightmare	snake-eye	2	2	6	1
Gimmick Puppet Nightmare	current	4	6	6	3
Ice Barrier	snake-eye	2	2	2	1
Infernoid Devyaty	snake-eye	2	2	2	1
Infernoid Onuncu	snake-eye	2	2	2	1
Masquerade the Blazing Dragon	snake-eye	2	2	5	1
Masquerade the Blazing Dragon	current	3	5	5	3
Number 4: Stealth Kragen	snake-eye	2	2	2	1
Pitknight Earlie	snake-eye	2	2	10	1
Pitknight Earlie	current	8	10	10	3
Salamangreat Violet Chimera	snake-eye	2	2	2	1
Shared Ride	snake-eye	2	2	2	1
Silent Angler	snake-eye	2	2	2	1
Silent Sea Nettle	snake-eye	2	2	2	1
Speedroid Terrortop	snake-eye	2	2	2	1
Springans Kitt	snake-eye	2	2	3	1
Springans Kitt	current	1	3	3	3
Stealth Kragen Spawn	snake-eye	2	2	2	1
Tenyi Spirit - Shthana	snake-eye	2	2	2	1
Tri-Brigade Ferrijit the Barren Blossom	snake-eye	2	2	2	1
Tri-Brigade Mercourier	snake-eye	2	2	7	1
Tri-Brigade Mercourier	current	5	7	7	3
Unending Nightmare	snake-eye	2	2	2	1
White Mirror	snake-eye	2	2	2	1
Xyz Remora	snake-eye	2	2	2	1
Alba-Lenatus the Abyss Dragon	snake-eye	1	1	2	1
Alba-Lenatus the Abyss Dragon	current	1	2	2	3
Arc Rebellion Xyz Dragon	snake-eye	1	1	1	1
Armored Xyz	snake-eye	1	1	1	1
Borrelsword Dragon	snake-eye	1	1	1	1
Branded in High Spirits	snake-eye	1	1	2	1
Branded in High Spirits	current	1	2	2	3
Branded in White	snake-eye	1	1	1	1
Brotherhood of the Fire Fist - Horse Prince	snake-eye	1	1	1	1
Crystal Shark	snake-eye	1	1	1	1
Cyberse Wicckid	snake-eye	1	1	2	1
Cyberse Wicckid	current	1	2	2	3
Dark Magician	snake-eye	1	1	1	1
Dark Simorgh	snake-eye	1	1	1	1
Dogmatika Maximus	snake-eye	1	1	1	1
Donner, Dagger Fur Hire	snake-eye	1	1	2	1
Donner, Dagger Fur Hire	current	1	2	2	3
EM:P Meowmine	snake-eye	1	1	1	1
El Shaddoll Apkallone	snake-eye	1	1	1	1
El Shaddoll Winda	snake-eye	1	1	1	1
Emissary from the House of Wax	snake-eye	1	1	1	1
Fire Recovery	snake-eye	1	1	1	1
Flame Bufferlo	snake-eye	1	1	1	1
Forbidden Chalice	snake-eye	1	1	4	1
Forbidden Chalice	current	3	4	4	3
Full Armored Crystalzero Lancer	snake-eye	1	1	1	1
Full Armored Dark Knight Lancer	snake-eye	1	1	1	1
Full-Armored Xyz	snake-eye	1	1	1	1
Infernoid Antra	snake-eye	1	1	1	1
Infernoid Attondel	snake-eye	1	1	1	1
Infernoid Harmadik	snake-eye	1	1	1	1
Infernoid Patrulea	snake-eye	1	1	1	1
Infernoid Pirmais	snake-eye	1	1	1	1
Infernoid Seitsemas	snake-eye	1	1	1	1
Infernoid Sjette	snake-eye	1	1	1	1
Infernoid Tierra	snake-eye	1	1	1	1
Inspector Boarder	snake-eye	1	1	8	1
Inspector Boarder	current	7	8	8	3
Instant Fusion	snake-eye	1	1	3	1
Instant Fusion	current	2	3	3	3
Kikinagashi Fucho	snake-eye	1	1	10	1
Kikinagashi Fucho	current	9	10	10	3
King Tiger Wanghu	snake-eye	1	1	1	1
Lifeless Leaffish	snake-eye	1	1	1	1
Lyrilusc - Promenade Thrush	snake-eye	1	1	1	1
Millennium-Eyes Restrict	snake-eye	1	1	3	1
Millennium-Eyes Restrict	current	2	3	3	3
Number 101: Silent Honor ARK	snake-eye	1	1	1	1
Number 103: Ragnazero	snake-eye	1	1	1	1
Number 60: Dugares the Timeless	snake-eye	1	1	2	1
Number 60: Dugares the Timeless	current	1	2	2	3
Odd-Eyes Meteorburst Dragon	snake-eye	1	1	9	1
Odd-Eyes Meteorburst Dragon	current	8	9	9	3
Odd-Eyes Rebellion Dragon	snake-eye	1	1	1	1
Odd-Eyes Rebellion Dragon Overlord	snake-eye	1	1	1	1
Odd-Eyes Rebellion Xyz Dragon	snake-eye	1	1	1	1
Odd-Eyes Vortex Dragon	snake-eye	1	1	1	1
Phantom Knights' Wing	snake-eye	1	1	1	1
Protector of The Agents - Moon	snake-eye	1	1	4	1
Protector of The Agents - Moon	current	3	4	4	3
Raider's Knight	snake-eye	1	1	1	1
Reasoning	snake-eye	1	1	1	1
Right-Hand Shark	snake-eye	1	1	1	1
Runick Allure	snake-eye	1	1	1	1
Salamangreat Charge	snake-eye	1	1	2	1
Salamangreat Charge	current	1	2	2	3
Salamangreat Tiger	snake-eye	1	1	1	1
Shaddoll Schism	snake-eye	1	1	1	1
Snatch Steal	snake-eye	1	1	7	1
Snatch Steal	current	6	7	7	3
Speedroid Taketomborg	snake-eye	1	1	1	1
Synchro Rumble	snake-eye	1	1	1	1
Tri-Brigade Shuraig the Ominous Omen	snake-eye	1	1	1	1
Trickstar Reincarnation	snake-eye	1	1	1	1
Upstart Goblin	snake-eye	1	1	1	1
Vanity's Fiend	snake-eye	1	1	4	1
Vanity's Fiend	current	3	4	4	3
Void Feast	snake-eye	1	1	1	1
Walls of the Imperial Tomb	snake-eye	1	1	4	1
Walls of the Imperial Tomb	current	3	4	4	3
Xyz Armor Fortress	snake-eye	1	1	1	1
Metaltronus	current	22	22	22	3
Snake-Eyes Diabellstar	current	21	21	21	3
Sangen Kaimen	current	15	15	15	3
Sangen Summoning	current	15	15	15	3
Tenpai Dragon Chundra	current	15	15	15	3
Tenpai Dragon Paidra	current	15	15	15	3
Ostinato	current	12	12	12	3
Refrain the Melodious Songstress	current	12	12	12	3
Bacha the Melodious Maestra	current	10	10	10	3
Couplet the Melodious Songstress	current	10	10	10	3
Tenpai Dragon Fadra	current	10	10	10	3
1st Movement Solo	current	9	9	9	3
Sangenpai Bident Dragion	current	9	9	9	3
Allure of Darkness	current	8	8	8	3
Flowering Etoile the Melodious Magnificat	current	7	7	7	3
Schuberta the Melodious Maestra	current	7	7	7	3
Soprano the Melodious Songstress	current	7	7	7	3
Heat Wave	current	6	6	6	3
Herald of Orange Light	current	6	6	6	3
Sangenpai Transcendent Dragion	current	6	6	6	3
Sonata the Melodious Diva	current	6	6	6	3
Black Rose Dragon	current	5	5	5	3
Black Rose Moonlight Dragon	current	5	5	5	3
Dark World Puppetry	current	5	5	5	3
Haggard Lizardose	current	5	5	5	3
Melodious Concerto	current	5	5	5	3
Trident Dragion	current	5	5	5	3
Blessing of the Voiceless Voice	current	4	4	4	3
Bloom Harmonist the Melodious Composer	current	4	4	4	3
Enigmaster Packbit	current	4	4	4	3
Necrovalley	current	4	4	4	3
One Day of Peace	current	4	4	4	3
Aria the Melodious Diva	current	3	3	3	3
Artifact Sanctum	current	3	3	3	3
Borreload Furious Dragon	current	3	3	3	3
Card Scanner	current	3	3	3	3
Dark Corridor	current	3	3	3	3
Dark World Accession	current	3	3	3	3
Fiendish Chain	current	3	3	3	3
Forbidden Lance	current	3	3	3	3
Genta, Gateman of Dark World	current	3	3	3	3
Goldenhair, the Newest Plunder Patroll	current	3	3	3	3
Grand Horn of Heaven	current	3	3	3	3
Grapha, Dragon Lord of Dark World	current	3	3	3	3
Incredible Ecclesia, the Virtuous	current	3	3	3	3
Jurrac Guaiba	current	3	3	3	3
Kabazauls	current	3	3	3	3
Majesty's Fiend	current	3	3	3	3
Mind Crush	current	3	3	3	3
Puzzlomino, the Drop-n-Deleter	current	3	3	3	3
Reign-Beaux, Overking of Dark World	current	3	3	3	3
Sabersaurus	current	3	3	3	3
Secret Village of the Spellcasters	current	3	3	3	3
Shopina the Melodious Maestra	current	3	3	3	3
Silent Graveyard	current	3	3	3	3
Snoww, Unlight of Dark World	current	3	3	3	3
Spright Elf	current	3	3	3	3
Swordsoul Emergence	current	3	3	3	3
Swordsoul Strategist Longyuan	current	3	3	3	3
Swordsoul of Mo Ye	current	3	3	3	3
Tenyi Spirit - Ashuna	current	3	3	3	3
Tenyi Spirit - Vishuda	current	3	3	3	3
Whitebeard, the Plunder Patroll Helm	current	3	3	3	3
Ad Libitum of Despia	current	2	2	2	3
Ancient Fairy Dragon	current	2	2	2	3
Archnemeses Protos	current	2	2	2	3
Baxia, Brightness of the Yang Zing	current	2	2	2	3
Blackbeard, the Plunder Patroll Captain	current	2	2	2	3
Blackeyes, the Plunder Patroll Seaguide	current	2	2	2	3
Bluebeard, the Plunder Patroll Shipwright	current	2	2	2	3
Bottomless Trap Hole	current	2	2	2	3
Branded Banishment	current	2	2	2	3
Canon the Melodious Diva	current	2	2	2	3
Cardcar D	current	2	2	2	3
Condemned Witch	current	2	2	2	3
Dimensional Prison	current	2	2	2	3
Dust Tornado	current	2	2	2	3
Evil★Twins Ki-sikil & Lil-la	current	2	2	2	3
Evolzar Dolkka	current	2	2	2	3
Evolzar Laggia	current	2	2	2	3
Fossil Dyna Pachycephalo	current	2	2	2	3
Gold Sarcophagus	current	2	2	2	3
Gravity Controller	current	2	2	2	3
Hot Red Dragon Archfiend Abyss	current	2	2	2	3
Koa'ki Meiru Drago	current	2	2	2	3
Kuibelt the Blade Dragon	current	2	2	2	3
Mereologic Aggregator	current	2	2	2	3
Messenger of Peace	current	2	2	2	3
Mirror Force	current	2	2	2	3
Monk of the Tenyi	current	2	2	2	3
Noctovision Dragon	current	2	2	2	3
Plunder Patrollship Brann	current	2	2	2	3
Plunder Patrollship Lys	current	2	2	2	3
Plunder Patrollship Moerk	current	2	2	2	3
Red Dragon Archfiend	current	2	2	2	3
Rescue Rabbit	current	2	2	2	3
Ruddy Rose Dragon	current	2	2	2	3
Scareclaw Tri-Heart	current	2	2	2	3
Scarred Dragon Archfiend	current	2	2	2	3
Set Rotation	current	2	2	2	3
Shaddoll Dragon	current	2	2	2	3
Sillva, Warlord of Dark World	current	2	2	2	3
Snowman Eater	current	2	2	2	3
Soul Absorption	current	2	2	2	3
Soul Taker	current	2	2	2	3
Swordsoul Blackout	current	2	2	2	3
Swordsoul Grandmaster - Chixiao	current	2	2	2	3
Swordsoul of Taia	current	2	2	2	3
Tamtam the Melodious Diva	current	2	2	2	3
Tenyi Spirit - Adhara	current	2	2	2	3
The Gates of Dark World	current	2	2	2	3
Thunder King Rai-Oh	current	2	2	2	3
Torrential Tribute	current	2	2	2	3
Akashic Magician	current	1	1	1	3
Artifact Dagda	current	1	1	1	3
Artifact Scythe	current	1	1	1	3
Awakening of the Possessed - Greater Inari Fire	current	1	1	1	3
Barrier Statue of the Heavens	current	1	1	1	3
Bloom Diva the Melodious Choir	current	1	1	1	3
Bloom Prima the Melodious Choir	current	1	1	1	3
Branded Beast	current	1	1	1	3
Brightest, Blazing, Branded King	current	1	1	1	3
Cat Shark	current	1	1	1	3
Ceruli, Guru of Dark World	current	1	1	1	3
Chaofeng, Phantom of the Yang Zing	current	1	1	1	3
Chaos Emperor, the Dragon of Armageddon	current	1	1	1	3
Clorless, Chaos King of Dark World	current	1	1	1	3
Coach King Giantrainer	current	1	1	1	3
Crimson Blader	current	1	1	1	3
Crusadia Equimax	current	1	1	1	3
Despian Luluwalilith	current	1	1	1	3
Elegy the Melodious Diva	current	1	1	1	3
Exceed the Pendulum	current	1	1	1	3
Expurrely Happiness	current	1	1	1	3
F.A. Dawn Dragster	current	1	1	1	3
Gallant Granite	current	1	1	1	3
Heavy Storm	current	1	1	1	3
Hieratic Dragon King of Atum	current	1	1	1	3
Hieratic Sky Dragon Overlord of Heliopolis	current	1	1	1	3
Imperial Order	current	1	1	1	3
Ipiria	current	1	1	1	3
Maestroke the Symphony Djinn	current	1	1	1	3
Monster Reborn	current	1	1	1	3
Nemeses Flag	current	1	1	1	3
Number 17: Leviathan Dragon	current	1	1	1	3
Number 39: Utopia	current	1	1	1	3
Number 50: Blackship of Corn	current	1	1	1	3
Number 68: Sanaphond the Sky Prison	current	1	1	1	3
Number 75: Bamboozling Gossip Shadow	current	1	1	1	3
Plunder Patroll Booty	current	1	1	1	3
Plunder Patroll Shipyarrrd	current	1	1	1	3
Plunder Patrollship Jord	current	1	1	1	3
Pot of Avarice	current	1	1	1	3
Quadborrel Dragon	current	1	1	1	3
Red Reboot	current	1	1	1	3
Redbeard, the Plunder Patroll Matey	current	1	1	1	3
Rokket Synchron	current	1	1	1	3
Salamangreat Mole	current	1	1	1	3
Salamangreat Pyro Phoenix	current	1	1	1	3
Samurai Destroyer	current	1	1	1	3
Saryuja Skull Dread	current	1	1	1	3
Secure Gardna	current	1	1	1	3
Shaman of the Tenyi	current	1	1	1	3
Solemn Warning	current	1	1	1	3
Spiritual Fire Art - Kurenai	current	1	1	1	3
Stardust Dragon	current	1	1	1	3
Starlight Road	current	1	1	1	3
Swordsoul Sacred Summit	current	1	1	1	3
Temtempo the Percussion Djinn	current	1	1	1	3
The Black Goat Laughs	current	1	1	1	3
The Melody of Awakening Dragon	current	1	1	1	3
Timelord Progenitor Vorpgate	current	1	1	1	3
Trishula, Dragon of the Ice Barrier	current	1	1	1	3
Versago the Destroyer	current	1	1	1	3
Wind-Up Zenmaines	current	1	1	1	3
Wollow, Founder of the Drudge Dragons	current	1	1	1	3
Yazi, Evil of the Yang Zing	current	1	1	1	3
